https://github.com/LyonsLab/JadeOolong,1
https://github.com/15Dkatz/react-vr-guides,0
https://github.com/JuanOlaya/Virtual-Reality,0
https://github.com/cjroth/awesome-vr,0
https://github.com/rjth/Punchkeyboard,0
https://github.com/PacktPublishing/Virtual-Reality-Blueprints,0
https://github.com/Munroe-Meyer-Institute-VR-Laboratory,0
https://github.com/RobotsAndPencils/VRadventure,0
https://github.com/JohnCoene/ascatter,1
https://github.com/JohnCoene/vrrr,0
https://github.com/mozilla/webxr-polyfill,0
https://github.com/alvinwan/ergo,0
https://github.com/maddoxlab/VRSpeechCorpusBooth,0
https://github.com/topics/virtual-reality,0
https://github.com/4bgt/Eye-Tracking-in-Virtual-Reality,0
https://github.com/PacktPublishing/Complete-Virtual-Reality-and-Augmented-Reality-Development-with-Unity,0
https://github.com/initmd/awesome-virtual-reality,0
https://github.com/psychicparrot/BuildingVRWithUnityAndSteamVR,0
https://github.com/cjroth/aframe-keyboard,0
https://github.com/DSprtn/GTFO_VR_Plugin,0
https://github.com/PacktPublishing/Unity-Virtual-Reality-Projects,1
https://github.com/Dealerpriest/inclubit-360,0
https://github.com/Stellarium/stellarium,1
https://github.com/PacktPublishing/Virtual-Reality-with-Unity,0
https://github.com/PfeifferMicha/imhotep,0
https://github.com/FAR-Lab/VR-OOM,0
https://github.com/VTUL/vt-vr-cow,0
https://github.com/Gauzz/Virtual-Reality-Education-Demo,0
https://github.com/ivan-vishniakou/neural-circuits-vr,0
https://github.com/matryx/calcflow,0
https://github.com/PacktPublishing/Unity-Virtual-Reality-Projects-Second-Edition,0
https://github.com/dilmerv/VRDraw,1
https://github.com/FireEmerald/VRLabyrinth,0
https://github.com/jnyryan/GVR-Tutorial-Walking,0
https://github.com/facebookresearch/HVVR,1
https://github.com/PacktPublishing/Unity-2020-Virtual-Reality-Projects-3rd-Edition-,0
https://github.com/phanquanghung/introduction-to-virtual-reality,0
https://github.com/c2m2/Neuro-VISOR,1
https://github.com/OpenVidu/openvidu-vr,0
https://github.com/orlyliba/virtual-reality-oct,0
https://github.com/open-craft/xblock-virtualreality,0
https://github.com/jonastreub/VRComponent,0
https://github.com/bjornbytes/lovr,0
https://github.com/UoN-VR,0
https://github.com/topics/audio-virtual-reality,0
https://github.com/med-material/virtual-reality-icons,0
https://github.com/tobiasbueschel/virtual-reality-tour,0
https://github.com/Apress/virtual-reality-with-vrtk4,0
https://github.com/sebastianmusial/Virtual-Reality,1
https://github.com/frizb/VR-Industrial-Control-Room,1
https://github.com/filecoin-project/slingshot,1
https://github.com/reymond-group/virtual-reality-chemical-space,0
https://github.com/MohanaChaitanya25/Virtual-Reality,0
https://github.com/IshaanVasant/VR-Viz,0
https://github.com/keerthimeg/Experience-Dyslexia-through-Virtual-Reality,0
https://github.com/trutoo/vr-360-player,0
https://github.com/cbchoi/VR-CMS,0
https://github.com/ErickSimoes/maze_vr,0
https://github.com/imhardikj/Point-Blank,0
https://github.com/PacktPublishing/Unity-Virtual-Reality-Volume-1,0
https://github.com/coldmanck/Artificial-Reality-and-Virtual-Reality,0
https://github.com/fazildgr8/VR_communication_mujoco200,0
https://github.com/mgschwan/VRWorkout,0
https://github.com/MicrosoftDocs/mixed-reality,0
https://github.com/Rajawali/RajawaliVR,0
https://github.com/horizon-research/svr-streaming-system,0
https://github.com/sonictruth/vr-dos,0
https://github.com/chrissbarr/VR-GCODE,1
https://github.com/ngokevin/ningjs-presentation,0
https://github.com/chenxi-shi/Virtual-Reality-Museum,0
https://github.com/pemami4911/V-RAVE,0
https://github.com/raphaelrk/delaze,0
https://github.com/topics/virtual-reality-interfaces,0
https://github.com/w3c/web-networks,0
https://github.com/manjunath5496/Virtual-Reality-Papers,0
https://github.com/dbuezas/ng-cardboard,0
https://github.com/DLR-SC/cnn-vis-vr,1
https://github.com/mcneel/RhinoVR,1
https://github.com/microsoft/SeeingVRtoolkit,1
https://github.com/mBhakta95/Virtual-Reality,0
https://github.com/butrinto/VR-Experience,0
https://github.com/player1537/vrdp,0
https://github.com/ubisoft/vrtist,0
https://github.com/topics/virtual-reality-worlds,0
https://github.com/OpenHMD/OpenHMDDemo,0
https://github.com/cfluke/allskyVR,0
https://github.com/uihilab/GeospatialVR,1
https://github.com/rokups/virtual-reality,0
https://github.com/vitrivr/vitrivr-vr,0
https://github.com/brianpeiris/RiftSketch,0
https://github.com/carla-simulator/carla,0
https://github.com/immersivecognition/immersivecognition.github.io,0
https://github.com/raulmur/ORB_SLAM2,0
https://github.com/awsdocs/amazon-lumberyard-user-guide,0
https://github.com/eastskykang/virtual-reality-icarus,0
https://github.com/EvanBacon/Batcave-Virtual-Reality,0
https://github.com/vishrantgupta/Virtual-Reality-Oculus-Rift,0
https://github.com/cpvrlab,0
https://github.com/babopeter/Spatial-Audio-in-Virtual-Reality,0
https://github.com/bekasidev/vr,0
https://github.com/kuixu/VRmol,1
https://github.com/TritonXR/CellVR,0
https://github.com/ellthompson/escape-room-vr,0
https://github.com/rlfriedman/VR-Programming,0
https://github.com/vchkhr/ucode-marathonC-virtual-reality,0
https://github.com/frog/vr-care,0
https://github.com/topics/unity-virtual-reality-projects,0
https://github.com/navidmx/Paethos,0
https://github.com/jtsiomb/libgoatvr,0
https://github.com/vrpn,0
https://github.com/Electrostatics/VR,1
https://github.com/MTASZTAKI/ApertusVR,0
https://github.com/brakmic/Angular-VR-Starter,0
https://github.com/samuelcardillo/WebScreenVR,0
https://github.com/tana/Mondeto,0
https://github.com/mhardingr/FlyPyValley,0
https://github.com/AmanpreetSingh-GitHub/Virtual-Reality-Room,0
https://github.com/PacktPublishing/Unreal-Engine-Virtual-Reality-Quick-Start-Guide,0
https://github.com/Graphics-and-Virtual-Reality-Lab,0
https://github.com/racmeh/Universe-in-Virtual-Reality,0
https://github.com/topics/adaptive-virtual-reality,0
https://github.com/luiseduve/pare-vr,0
https://github.com/PacktPublishing/Unreal-Engine-4-Virtual-Reality-Projects,1
https://github.com/oreilly-japan/unity-virtual-reality-projects-ja,0
https://github.com/showcases/virtual-reality,0
https://github.com/nickbild/vectron_vr,0
https://github.com/dfelinto/virtual_reality_viewport,0
https://github.com/NCBI-Hackathons/deVoReaNN,0
https://github.com/takafumihoriuchi/SmartCodesignVR,1
https://github.com/AmirNaghibi/MuseumVR,0
https://github.com/leapmotion/VRCollage,1
https://github.com/topics/virtual-reality-game,0
https://github.com/Cobanoglu-Lab/Devoreann,0
https://github.com/QiMata/Virtual-Reality-and-IoT,0
https://github.com/r23/Virtual-Reality-Museum,0
https://github.com/aframevr/aframe,0
https://github.com/nheidloff/unity-watson-vr-sample,0
https://github.com/aryan-eth/Virtual-Reality-Classroom,0
https://github.com/aardvark-community/aardvark.vr,0
https://github.com/VRGroupRWTH,0
https://github.com/UCL-VR,0
https://github.com/JohnCoene/acharts,0
https://github.com/Rogersyp/CS_Capstone_VR-AR_In_Our_Pocket,0
https://github.com/topics/virtual-reality-g,0
https://github.com/vplseattle/MAX-Real-time-data-in-Virtual-Reality,1
https://github.com/asasasasasbc/SVR_Mocap,0
https://github.com/jalmasi/vrspace,0
https://github.com/sclark39/UE-VR-Code-Sample,0
https://github.com/TrueOpenVR,0
https://github.com/topics/virtual-reality-experiences,0
https://github.com/mnrmja007/awesome-virtual-reality,0
https://github.com/topics/virtual-reality-adventure,0
https://github.com/HiromuSato/ef-VR,0
