/experiences/view/7580156855401366,1
/experiences/untangled/24417313747915126/,1
/experiences/view/777072216186618,1
/experiences/meta-horizon-worlds/2532035600194083/,1
/experiences/the-thrill-of-the-fight/3008315795852749/,1
/experiences/the-thrill-of-the-fight-2/5479643155418422/,1
/experiences/big-ballers-vr-sports/3947713001963656/,1
/experiences/vrchat/1856672347794301/,2
/experiences/downshot/9166521666722742/,1
/experiences/gorilla-tag/4979055762136823/,1
/experiences/view/1321443348416166,1
/experiences/epic-roller-coasters/2299465166734471/,1
/experiences/i-am-cat/6061406827268889/,1
/experiences/gym-class-basketball-vr/3661420607275144/,1
/experiences/rec-room/2173678582678296/,1
/experiences/view/777073612853145,1
/experiences/bonelab/4215734068529064/,1
/experiences/yeeps-hide-and-seek/7276525889052788/,1
/experiences/creed-rise-to-glory-championship-edition/2366245336750543/,2
/experiences/blade-sorcery-nomad/2031826350263349/,1
/experiences/job-simulator/3235570703151406/,1
/experiences/population-one/2564158073609422/,1
/experiences/beat-saber/2448060205267927/,1
/experiences/pcvr/,1
/experiences/aim-xr/4245506092131005/,1
/experiences/meta-quest-plus,1
/experiences/vrfs-football-soccer-simulator/8464137310294097/,1
/experiences/roblox/5804350719675181/,1
/experiences/batman-arkham-shadow/3551691271620960/,1
/experiences/animal-company/7190422614401072/,1
